{"ALI": [[28.5, "2023-03-30"], {"dmd_lstm": [28.502710342407227, 28.45264434814453, 28.90267562866211, 28.502700805664062, 28.505420684814453]}]}